Datetime,Open,High,Low,Close,Volume,Dividends,Stock Splits
2021-07-11 21:00:00+01:00,33876.296875,34186.703125,33809.51953125,34185.08984375,267769856,0,0
2021-07-11 22:30:00+01:00,34161.21875,34584.703125,34161.21875,34386.19140625,1035044864,0,0
2021-07-12 00:00:00+01:00,34396.015625,34396.015625,34133.10546875,34197.3359375,494675968,0,0
2021-07-12 01:30:00+01:00,34208.3828125,34276.078125,34106.93359375,34150.53515625,387125248,0,0
2021-07-12 03:00:00+01:00,34148.0703125,34480.71875,34118.91796875,34480.71875,558639104,0,0
2021-07-12 04:30:00+01:00,34486.22265625,34592.15625,34309.0234375,34309.0234375,768927744,0,0
2021-07-12 06:00:00+01:00,34311.3125,34327.54296875,34194.21875,34315.94921875,231962624,0,0
2021-07-12 07:30:00+01:00,34314.14453125,34500.890625,34276.3359375,34278.7109375,344483840,0,0
2021-07-12 09:00:00+01:00,34292.0078125,34460.3046875,34145.94921875,34176.86328125,713791488,0,0
2021-07-12 10:30:00+01:00,34171.4609375,34220.42578125,33724.1484375,33780.80859375,892282880,0,0
2021-07-12 12:00:00+01:00,33789.01953125,33789.01953125,33510.71875,33541.89453125,459784192,0,0
2021-07-12 13:30:00+01:00,33531.796875,33604.66796875,33362.2890625,33593.81640625,510394368,0,0
2021-07-12 15:00:00+01:00,33586.8828125,33586.8828125,33395.2421875,33478.2890625,338495488,0,0
2021-07-12 16:30:00+01:00,33480.03515625,33511.41015625,33130.3203125,33205.76171875,338851840,0,0
2021-07-12 18:00:00+01:00,33167.6953125,33250.28125,33072.9765625,33179.00390625,859688960,0,0
2021-07-12 19:30:00+01:00,33175.375,33324.23828125,32823.2890625,32859.4296875,716838912,0,0
2021-07-12 21:00:00+01:00,32833.3984375,32982.875,32709.095703125,32878.10546875,561229824,0,0
2021-07-12 22:30:00+01:00,32890.515625,33092.66015625,32842.31640625,33075.2109375,469544960,0,0
2021-07-13 00:00:00+01:00,33072.71484375,33254.30078125,32886.51953125,33006.76171875,641421312,0,0
2021-07-13 01:30:00+01:00,32997.2890625,33217.60546875,32983.38671875,33137.55859375,287666176,0,0
2021-07-13 03:00:00+01:00,33169.875,33234.453125,33092.0,33229.19140625,2568192,0,0
2021-07-13 04:30:00+01:00,33239.375,33239.375,33075.859375,33154.50390625,36063232,0,0
2021-07-13 06:00:00+01:00,33134.04296875,33150.29296875,32786.96875,32959.55078125,195305472,0,0
2021-07-13 07:30:00+01:00,32946.08984375,33287.08984375,32946.08984375,33182.5546875,774350848,0,0
2021-07-13 09:00:00+01:00,33189.5859375,33264.546875,33138.25,33236.6640625,305547264,0,0
2021-07-13 10:30:00+01:00,33210.82421875,33308.90625,33085.23828125,33104.44921875,420702208,0,0
2021-07-13 12:00:00+01:00,33109.765625,33191.6171875,32870.34765625,32879.24609375,115218432,0,0
2021-07-13 13:30:00+01:00,32891.375,32891.375,32327.251953125,32621.052734375,1220573184,0,0
2021-07-13 15:00:00+01:00,32605.88671875,32687.2421875,32496.84765625,32687.2421875,639850496,0,0
2021-07-13 16:30:00+01:00,32679.783203125,32858.56640625,32650.21875,32824.234375,147036160,0,0
2021-07-13 18:00:00+01:00,32811.16015625,32890.30859375,32654.970703125,32685.69140625,406056960,0,0
2021-07-13 19:30:00+01:00,32669.685546875,32690.04296875,32294.5859375,32310.130859375,539670528,0,0
2021-07-13 21:00:00+01:00,32317.375,32629.166015625,32261.419921875,32477.521484375,437063680,0,0
2021-07-13 22:30:00+01:00,32496.474609375,32630.314453125,32451.36328125,32554.09375,246110208,0,0
2021-07-14 00:00:00+01:00,32584.77734375,32765.435546875,32546.2734375,32601.767578125,383434752,0,0
2021-07-14 01:30:00+01:00,32619.078125,32644.490234375,32279.009765625,32365.080078125,375011328,0,0
2021-07-14 03:00:00+01:00,32379.642578125,32576.759765625,31842.09375,31848.140625,402694144,0,0
2021-07-14 04:30:00+01:00,31847.583984375,32022.880859375,31693.458984375,31956.8671875,808097792,0,0
2021-07-14 06:00:00+01:00,31950.470703125,31996.220703125,31748.26953125,31859.728515625,303849472,0,0
2021-07-14 07:30:00+01:00,31863.37890625,31984.232421875,31839.41796875,31925.921875,220962816,0,0
2021-07-14 09:00:00+01:00,31932.603515625,32481.130859375,31639.125,32316.142578125,1631129600,0,0
2021-07-14 10:30:00+01:00,32355.884765625,32647.8359375,32294.34765625,32442.958984375,664915968,0,0
2021-07-14 12:00:00+01:00,32448.4140625,32566.01953125,32364.02734375,32390.72265625,516945920,0,0
2021-07-14 13:30:00+01:00,32386.23046875,32838.046875,32313.337890625,32818.765625,463534080,0,0
2021-07-14 15:00:00+01:00,32800.51953125,32943.01953125,32772.69921875,32874.46484375,703596544,0,0
2021-07-14 16:30:00+01:00,32823.27734375,32902.37109375,32737.091796875,32843.32421875,508645376,0,0
2021-07-14 18:00:00+01:00,32847.0390625,32910.703125,32799.4765625,32895.57421875,128552960,0,0
2021-07-14 19:30:00+01:00,32902.0078125,33061.3984375,32621.01171875,32734.552734375,649185280,0,0
2021-07-14 21:00:00+01:00,32734.529296875,32921.88671875,32734.529296875,32868.4921875,522100736,0,0
2021-07-14 22:30:00+01:00,32880.15625,33037.09375,32771.2265625,32976.8125,632643584,0,0
2021-07-15 00:00:00+01:00,32968.421875,32975.66796875,32674.232421875,32818.65625,346337280,0,0
2021-07-15 01:30:00+01:00,32816.94921875,33159.640625,32790.88671875,32790.88671875,553060352,0,0
2021-07-15 03:00:00+01:00,32776.234375,32899.2578125,32681.947265625,32746.474609375,238123008,0,0
2021-07-15 04:30:00+01:00,32778.5546875,32778.5546875,32491.689453125,32664.07421875,201179136,0,0
2021-07-15 06:00:00+01:00,32658.51953125,32658.51953125,32508.185546875,32508.185546875,53917696,0,0
2021-07-15 07:30:00+01:00,32491.64453125,32595.484375,32391.43359375,32459.0078125,243589120,0,0
2021-07-15 09:00:00+01:00,32476.33984375,32591.185546875,32354.248046875,32527.30078125,443629568,0,0
2021-07-15 10:30:00+01:00,32517.541015625,32573.52734375,31869.400390625,31940.251953125,669872128,0,0
2021-07-15 12:00:00+01:00,31877.505859375,31989.17578125,31694.025390625,31798.328125,693532672,0,0
2021-07-15 13:30:00+01:00,31773.48046875,31897.69140625,31556.197265625,31847.51171875,962930688,0,0
2021-07-15 15:00:00+01:00,31843.23046875,31916.669921875,31716.669921875,31803.41015625,162541568,0,0
2021-07-15 16:30:00+01:00,31806.8046875,31806.8046875,31522.798828125,31578.26171875,215308288,0,0
2021-07-15 18:00:00+01:00,31580.43359375,31580.43359375,31175.708984375,31414.6953125,842979328,0,0
2021-07-15 19:30:00+01:00,31409.81640625,31706.736328125,31388.0546875,31568.142578125,337659904,0,0
2021-07-15 21:00:00+01:00,31558.45703125,31771.45703125,31558.45703125,31763.587890625,335681536,0,0
2021-07-15 22:30:00+01:00,31750.669921875,31845.083984375,31669.818359375,31764.1328125,198092800,0,0
2021-07-16 00:00:00+01:00,31773.41015625,31888.18359375,31538.4765625,31685.560546875,671232000,0,0
2021-07-16 01:30:00+01:00,31690.69140625,31869.6796875,31596.33984375,31826.62890625,605382656,0,0
2021-07-16 03:00:00+01:00,31820.376953125,32016.4140625,31820.376953125,31966.5546875,978231296,0,0
2021-07-16 04:30:00+01:00,31967.10546875,32019.998046875,31873.927734375,31946.9765625,368990208,0,0
2021-07-16 06:00:00+01:00,31927.927734375,31972.193359375,31647.5078125,31701.0546875,368640000,0,0
2021-07-16 07:30:00+01:00,31687.494140625,31729.591796875,31581.302734375,31699.578125,342646784,0,0
2021-07-16 09:00:00+01:00,31694.234375,31745.529296875,31365.923828125,31410.033203125,263608320,0,0
2021-07-16 10:30:00+01:00,31393.42578125,31462.775390625,31183.115234375,31310.17578125,134397952,0,0
2021-07-16 12:00:00+01:00,31317.630859375,31464.984375,31100.673828125,31364.419921875,356149248,0,0
2021-07-16 13:30:00+01:00,31410.154296875,31961.86328125,31249.087890625,31771.8359375,712130560,0,0
2021-07-16 15:00:00+01:00,31777.953125,31991.330078125,31777.953125,31977.107421875,671299584,0,0
2021-07-16 16:30:00+01:00,31970.45703125,32218.40625,31869.73828125,32044.12890625,938694656,0,0
2021-07-16 18:00:00+01:00,32069.873046875,32124.388671875,31947.7890625,31985.228515625,75937792,0,0
2021-07-16 19:30:00+01:00,31972.732421875,32078.841796875,31884.26953125,31927.353515625,107749376,0,0
2021-07-16 21:00:00+01:00,31922.541015625,31973.044921875,31728.03125,31817.806640625,194787328,0,0
2021-07-16 22:30:00+01:00,31779.736328125,31851.9453125,31581.28515625,31615.197265625,152115200,0,0
2021-07-17 00:00:00+01:00,31594.623046875,31628.32421875,31229.875,31272.36328125,203935744,0,0
2021-07-17 01:30:00+01:00,31281.927734375,31618.015625,31271.857421875,31402.814453125,202620928,0,0
2021-07-17 03:00:00+01:00,31404.998046875,31468.6015625,31283.53515625,31452.20703125,77852672,0,0
2021-07-17 04:30:00+01:00,31475.400390625,31475.400390625,31223.990234375,31408.83203125,67309568,0,0
2021-07-17 06:00:00+01:00,31405.75,31547.68359375,31405.75,31501.869140625,44625920,0,0
2021-07-17 07:30:00+01:00,31527.150390625,31613.068359375,31489.19140625,31525.44140625,454920192,0,0
2021-07-17 09:00:00+01:00,31536.90625,31935.9453125,31389.6484375,31792.046875,363128832,0,0
2021-07-17 10:30:00+01:00,31742.482421875,31742.482421875,31313.072265625,31328.37890625,26978304,0,0
2021-07-17 12:00:00+01:00,31310.71875,31506.046875,31310.71875,31486.009765625,450486272,0,0
2021-07-17 13:30:00+01:00,31496.529296875,31741.90625,31387.48046875,31653.330078125,638230528,0,0
2021-07-17 15:00:00+01:00,31646.52734375,31742.5390625,31492.626953125,31648.9453125,67936256,0,0
2021-07-17 16:30:00+01:00,31616.919921875,31868.42578125,31590.560546875,31701.83984375,86208512,0,0
2021-07-17 18:00:00+01:00,31690.72265625,31800.359375,31570.615234375,31798.48046875,117815296,0,0
2021-07-17 19:30:00+01:00,31800.53125,31895.083984375,31722.21484375,31857.810546875,591632384,0,0
2021-07-17 21:00:00+01:00,31845.791015625,31887.171875,31702.359375,31799.9609375,68999168,0,0
2021-07-17 22:30:00+01:00,31787.111328125,31823.1875,31637.53515625,31642.84765625,455536640,0,0
2021-07-18 00:00:00+01:00,31645.87890625,31651.826171875,31505.041015625,31624.978515625,505987072,0,0
2021-07-18 01:30:00+01:00,31633.0078125,32398.99609375,31633.0078125,32198.890625,1240530944,0,0
2021-07-18 03:00:00+01:00,32196.19140625,32269.923828125,32127.369140625,32127.369140625,32004096,0,0
2021-07-18 04:30:00+01:00,32102.96484375,32173.5546875,32057.013671875,32063.0625,56870912,0,0
2021-07-18 06:00:00+01:00,32073.4375,32125.44921875,31915.7265625,31980.203125,138321920,0,0
2021-07-18 07:30:00+01:00,31998.013671875,31998.013671875,31716.208984375,31716.208984375,99651584,0,0
2021-07-18 09:00:00+01:00,31717.75,31782.861328125,31686.81640625,31748.73828125,242749440,0,0
2021-07-18 10:30:00+01:00,31756.244140625,31842.822265625,31614.44921875,31695.13671875,102842368,0,0
2021-07-18 12:00:00+01:00,31711.9921875,31844.873046875,31688.73046875,31717.96484375,40486912,0,0
2021-07-18 13:30:00+01:00,31724.240234375,31797.708984375,31638.900390625,31719.75390625,29767680,0,0
2021-07-18 15:00:00+01:00,31721.669921875,31751.53125,31215.4921875,31418.91796875,746754048,0,0
2021-07-18 16:30:00+01:00,31422.173828125,31519.287109375,31347.322265625,31491.068359375,171368448,0,0
2021-07-18 18:00:00+01:00,31487.8046875,31691.064453125,31448.3515625,31668.390625,264392704,0,0
2021-07-18 19:30:00+01:00,31686.5703125,31728.15234375,31630.50390625,31656.94921875,58771456,0,0
2021-07-18 21:00:00+01:00,31664.26171875,31746.48828125,31608.021484375,31703.146484375,309743616,0,0
2021-07-18 22:30:00+01:00,31692.87890625,31904.3671875,31522.318359375,31575.546875,471926784,0,0
2021-07-19 00:00:00+01:00,31580.7421875,31874.70703125,31541.560546875,31768.9375,430927872,0,0
2021-07-19 01:30:00+01:00,31762.72265625,31762.72265625,31472.876953125,31613.22265625,41054208,0,0
2021-07-19 03:00:00+01:00,31622.095703125,31699.861328125,31491.03125,31558.25390625,100339712,0,0
2021-07-19 04:30:00+01:00,31555.01171875,31771.81640625,31520.001953125,31747.728515625,259117056,0,0
2021-07-19 06:00:00+01:00,31757.884765625,31885.859375,31672.6015625,31774.14453125,305881088,0,0
2021-07-19 07:30:00+01:00,31768.279296875,31857.68359375,31621.966796875,31625.58984375,130914304,0,0
2021-07-19 09:00:00+01:00,31623.79296875,31679.330078125,31395.328125,31476.306640625,499700736,0,0
2021-07-19 10:30:00+01:00,31476.630859375,31476.630859375,31216.724609375,31216.724609375,291495936,0,0
2021-07-19 12:00:00+01:00,31217.0546875,31433.484375,31217.0546875,31249.44921875,485806080,0,0
2021-07-19 13:30:00+01:00,31243.099609375,31243.099609375,30592.1484375,30626.814453125,1963761664,0,0
2021-07-19 15:00:00+01:00,30617.587890625,30937.2890625,30563.734375,30817.53125,1082609664,0,0
2021-07-19 16:30:00+01:00,30788.009765625,30833.712890625,30641.01171875,30726.76953125,423639040,0,0
2021-07-19 18:00:00+01:00,30713.998046875,30840.59765625,30687.29296875,30716.337890625,299415552,0,0
2021-07-19 19:30:00+01:00,30725.490234375,30776.939453125,30575.869140625,30756.671875,233439232,0,0
2021-07-19 21:00:00+01:00,30729.27734375,30880.83203125,30704.7265625,30826.27734375,169662464,0,0
2021-07-19 22:30:00+01:00,30828.69921875,30935.162109375,30738.240234375,30865.17578125,173328384,0,0
2021-07-20 00:00:00+01:00,30861.48046875,31006.1875,30776.53515625,30930.439453125,280199168,0,0
2021-07-20 01:30:00+01:00,30914.890625,30952.85546875,30587.232421875,30659.919921875,430147584,0,0
2021-07-20 03:00:00+01:00,30627.658203125,30681.56640625,29624.740234375,29668.255859375,1611229184,0,0
2021-07-20 04:30:00+01:00,29635.40625,29870.744140625,29548.552734375,29670.734375,1248323584,0,0
2021-07-20 06:00:00+01:00,29674.990234375,29800.5703125,29631.0,29689.521484375,257617920,0,0
2021-07-20 07:30:00+01:00,29702.126953125,29862.62109375,29693.61328125,29862.62109375,362555392,0,0
2021-07-20 09:00:00+01:00,29834.31640625,29889.615234375,29646.607421875,29704.353515625,100384768,0,0
2021-07-20 10:30:00+01:00,29690.990234375,29727.240234375,29393.919921875,29669.060546875,758994944,0,0
2021-07-20 12:00:00+01:00,29678.228515625,29764.60546875,29606.20703125,29635.1171875,221908992,0,0
2021-07-20 13:30:00+01:00,29633.55859375,29776.32421875,29479.009765625,29574.791015625,0,0,0
2021-07-20 15:00:00+01:00,29538.65625,29845.126953125,29412.62890625,29838.029296875,327868416,0,0
2021-07-20 16:30:00+01:00,29869.44921875,29957.12109375,29715.0390625,29718.357421875,500248576,0,0
2021-07-20 18:00:00+01:00,29676.669921875,29797.037109375,29639.2265625,29776.013671875,238493696,0,0
2021-07-20 19:30:00+01:00,29789.98828125,29881.271484375,29742.076171875,29783.322265625,254922752,0,0
2021-07-20 21:00:00+01:00,29792.828125,29975.103515625,29707.224609375,29728.9296875,291057664,0,0
2021-07-20 22:30:00+01:00,29659.876953125,29750.400390625,29520.47265625,29551.10546875,98025472,0,0
2021-07-21 00:00:00+01:00,29573.98828125,29880.79296875,29573.98828125,29713.330078125,584839168,0,0
2021-07-21 01:30:00+01:00,29718.541015625,29773.451171875,29526.18359375,29773.451171875,180350976,0,0
2021-07-21 03:00:00+01:00,29765.55859375,29895.576171875,29727.474609375,29824.998046875,29151232,0,0
2021-07-21 04:30:00+01:00,29838.158203125,30718.625,29836.95703125,30652.326171875,1176430592,0,0
2021-07-21 06:00:00+01:00,30668.65625,30800.498046875,30565.44140625,30769.349609375,511582208,0,0
2021-07-21 07:30:00+01:00,30808.828125,30891.53515625,30737.513671875,30828.470703125,545550336,0,0
2021-07-21 09:00:00+01:00,30829.337890625,30903.6015625,30741.576171875,30809.302734375,388956160,0,0
2021-07-21 10:30:00+01:00,30812.23046875,31519.703125,30812.23046875,31376.658203125,1058732032,0,0
2021-07-21 12:00:00+01:00,31393.66015625,31673.91796875,31362.1015625,31570.103515625,534470656,0,0
2021-07-21 13:30:00+01:00,31584.82421875,31584.82421875,31451.220703125,31467.4140625,59768832,0,0
2021-07-21 15:00:00+01:00,31510.541015625,31900.830078125,31510.541015625,31880.96484375,446844928,0,0
2021-07-21 16:30:00+01:00,31885.41796875,32380.08203125,31798.001953125,32181.220703125,1133719552,0,0
2021-07-21 18:00:00+01:00,32105.35546875,32752.326171875,31862.576171875,32249.685546875,2080768000,0,0
2021-07-21 19:30:00+01:00,32132.1171875,32185.98046875,31655.421875,31708.720703125,1438015488,0,0
2021-07-21 21:00:00+01:00,31648.806640625,31890.630859375,31545.91796875,31706.822265625,627949568,0,0
2021-07-21 22:30:00+01:00,31756.34375,32144.74609375,31734.99609375,32071.46875,595709952,0,0
2021-07-22 00:00:00+01:00,32105.01171875,32348.708984375,31945.6171875,32327.64453125,833970176,0,0
2021-07-22 01:30:00+01:00,32338.494140625,32338.494140625,31932.05859375,31996.26171875,164444160,0,0
2021-07-22 03:00:00+01:00,31977.974609375,32089.734375,31843.224609375,31951.912109375,242774016,0,0
2021-07-22 04:30:00+01:00,31952.583984375,32214.666015625,31903.76171875,32041.826171875,53446656,0,0
2021-07-22 06:00:00+01:00,32062.876953125,32092.9453125,31891.52734375,32060.123046875,82038784,0,0
2021-07-22 07:30:00+01:00,32043.515625,32305.673828125,31976.095703125,32145.3671875,442458112,0,0
2021-07-22 09:00:00+01:00,32146.76171875,32252.740234375,32067.13671875,32167.06640625,643895296,0,0
2021-07-22 10:30:00+01:00,32153.416015625,32153.416015625,31794.537109375,31929.60546875,108281856,0,0
2021-07-22 12:00:00+01:00,31831.9609375,31962.583984375,31745.298828125,31783.392578125,89298944,0,0
2021-07-22 13:30:00+01:00,31789.67578125,32239.46875,31789.67578125,32087.318359375,652644352,0,0
2021-07-22 15:00:00+01:00,32100.55859375,32299.369140625,31993.375,32260.853515625,197246976,0,0
2021-07-22 16:30:00+01:00,32356.453125,32576.400390625,32272.333984375,32358.990234375,694650880,0,0
2021-07-22 18:00:00+01:00,32356.66015625,32461.400390625,32254.80859375,32293.1171875,12427264,0,0
2021-07-22 19:30:00+01:00,32277.74609375,32385.791015625,32240.8671875,32385.791015625,12812288,0,0
2021-07-22 21:00:00+01:00,32379.66015625,32379.66015625,32245.015625,32261.802734375,19236864,0,0
2021-07-22 22:30:00+01:00,32278.51953125,32447.478515625,32121.3359375,32243.8828125,178087936,0,0
2021-07-23 00:00:00+01:00,32188.40234375,32382.259765625,32156.95703125,32297.392578125,467560448,0,0
2021-07-23 01:30:00+01:00,32319.916015625,32753.427734375,32242.087890625,32753.427734375,601907200,0,0
2021-07-23 03:00:00+01:00,32761.453125,32761.453125,32553.509765625,32568.529296875,307830784,0,0
2021-07-23 04:30:00+01:00,32561.375,32729.412109375,32508.771484375,32686.115234375,173453312,0,0
2021-07-23 06:00:00+01:00,32688.244140625,32854.60546875,32522.779296875,32566.751953125,497747968,0,0
2021-07-23 07:30:00+01:00,32577.068359375,32621.62109375,32429.275390625,32471.935546875,80115712,0,0
2021-07-23 09:00:00+01:00,32483.763671875,32529.65234375,32328.5546875,32468.068359375,250900480,0,0
2021-07-23 10:30:00+01:00,32466.17578125,32466.17578125,32259.421875,32325.482421875,180084736,0,0
2021-07-23 12:00:00+01:00,32345.244140625,32470.7109375,32279.091796875,32379.32421875,177610752,0,0
2021-07-23 13:30:00+01:00,32357.0,32555.8984375,32345.02734375,32542.33203125,213821440,0,0
2021-07-23 15:00:00+01:00,32558.0078125,32564.01953125,32400.4140625,32441.654296875,110075904,0,0
2021-07-23 16:30:00+01:00,32382.470703125,32410.75,32059.80078125,32186.03515625,425345024,0,0
2021-07-23 18:00:00+01:00,32190.58203125,32281.96875,32057.892578125,32281.96875,280559616,0,0
2021-07-23 19:30:00+01:00,32287.453125,32292.3203125,32128.69140625,32292.3203125,265107456,0,0
2021-07-23 21:00:00+01:00,32280.123046875,32619.33203125,32232.107421875,32619.33203125,772231168,0,0
2021-07-23 22:30:00+01:00,32639.69921875,33233.4921875,32594.935546875,33233.4921875,1297436672,0,0
2021-07-24 00:00:00+01:00,33124.2578125,33696.30859375,33107.359375,33516.88671875,1680691200,0,0
2021-07-24 01:30:00+01:00,33488.45703125,33696.3515625,33465.08984375,33610.60546875,552273920,0,0
2021-07-24 03:00:00+01:00,33626.72265625,33728.78515625,33542.90625,33580.671875,245276672,0,0
2021-07-24 04:30:00+01:00,33601.60546875,33801.22265625,33559.26171875,33706.9296875,431011840,0,0
2021-07-24 06:00:00+01:00,33712.35546875,33799.17578125,33613.96875,33777.171875,175702016,0,0
2021-07-24 07:30:00+01:00,33818.8515625,33937.89453125,33765.5625,33830.8046875,252217344,0,0
2021-07-24 09:00:00+01:00,33815.94140625,33835.3046875,33595.10546875,33686.6171875,60471296,0,0
2021-07-24 10:30:00+01:00,33681.7890625,33938.13671875,33681.7890625,33922.984375,407193600,0,0
2021-07-24 12:00:00+01:00,33867.08203125,33947.62109375,33732.46484375,33828.5625,288264192,0,0
2021-07-24 13:30:00+01:00,33819.0390625,33941.578125,33780.57421875,33813.75,170620928,0,0
2021-07-24 15:00:00+01:00,33806.484375,34001.37109375,33767.73828125,33968.1875,275337216,0,0
2021-07-24 16:30:00+01:00,33965.96484375,34458.55078125,33861.96484375,34439.43359375,552368128,0,0
2021-07-24 18:00:00+01:00,34455.7890625,34490.390625,34251.33203125,34333.1875,453718016,0,0
2021-07-24 19:30:00+01:00,34332.97265625,34369.04296875,33810.04296875,33916.91796875,160712704,0,0
2021-07-24 21:00:00+01:00,33909.48828125,33960.98828125,33765.953125,33912.0390625,146012160,0,0
2021-07-24 22:30:00+01:00,33901.90625,34150.25,33899.2421875,34012.609375,136003584,0,0
2021-07-25 00:00:00+01:00,34035.5546875,34450.01171875,33961.14453125,34251.16796875,21850112,0,0
2021-07-25 01:30:00+01:00,34228.546875,34240.85546875,33902.12890625,33933.8828125,27996160,0,0
2021-07-25 03:00:00+01:00,33930.51171875,34314.86328125,33930.51171875,34298.1640625,58826752,0,0
2021-07-25 04:30:00+01:00,34332.6796875,34469.05859375,34100.83203125,34358.046875,249487360,0,0
2021-07-25 06:00:00+01:00,34363.66015625,34495.12890625,34284.53515625,34422.37109375,277633024,0,0
2021-07-25 07:30:00+01:00,34420.87109375,34791.76953125,34402.50390625,34727.74609375,442415104,0,0
2021-07-25 09:00:00+01:00,34716.08203125,34792.7421875,34425.26171875,34449.2421875,158343168,0,0
2021-07-25 10:30:00+01:00,34447.8359375,34592.3046875,34322.875,34385.12109375,290383872,0,0
2021-07-25 12:00:00+01:00,34387.99609375,34498.3984375,34284.13671875,34358.2265625,96538624,0,0
2021-07-25 13:30:00+01:00,34334.4375,34418.2890625,34071.97265625,34218.62109375,332261376,0,0
2021-07-25 15:00:00+01:00,34175.2421875,34221.578125,33881.8359375,33982.1796875,404146176,0,0
2021-07-25 16:30:00+01:00,34018.58203125,34252.1328125,34018.58203125,34205.94140625,286752768,0,0
2021-07-25 18:00:00+01:00,34205.3125,34437.0546875,34192.8671875,34433.171875,115007488,0,0
2021-07-25 19:30:00+01:00,34434.65625,34548.66015625,34255.6953125,34329.21484375,164823040,0,0
2021-07-25 21:00:00+01:00,34361.2734375,34542.87109375,34319.72265625,34507.45703125,128968704,0,0
2021-07-25 22:30:00+01:00,34530.3984375,34575.59765625,34472.80859375,34575.59765625,155414528,0,0
2021-07-26 00:00:00+01:00,34620.6640625,35756.40625,34595.140625,35718.671875,2354223104,0,0
2021-07-26 01:30:00+01:00,35724.20703125,38693.9765625,35724.20703125,38281.078125,9125703680,0,0
2021-07-26 03:00:00+01:00,38328.03125,38497.7890625,37955.8984375,38154.57421875,1888946176,0,0
2021-07-26 04:30:00+01:00,38146.36328125,38507.93359375,38101.6171875,38359.0234375,1032237056,0,0
2021-07-26 06:00:00+01:00,38302.34765625,39152.47265625,38258.5390625,39061.3671875,1500968960,0,0
2021-07-26 07:30:00+01:00,39070.6328125,39163.28125,38010.4296875,38189.3359375,1131753472,0,0
2021-07-26 09:00:00+01:00,38155.9609375,38338.55078125,37827.046875,38275.5234375,1033396224,0,0
2021-07-26 10:30:00+01:00,38302.828125,38476.1015625,38072.5078125,38476.1015625,605126656,0,0
2021-07-26 12:00:00+01:00,38610.09375,38739.328125,38336.265625,38731.1484375,1233035264,0,0
2021-07-26 13:30:00+01:00,38706.21484375,38856.82421875,37972.80859375,38337.90234375,1251815424,0,0
2021-07-26 15:00:00+01:00,38342.609375,38481.34765625,38229.9765625,38380.359375,348901376,0,0
2021-07-26 16:30:00+01:00,38386.35546875,39437.8671875,38386.35546875,38994.76171875,2219741184,0,0
2021-07-26 18:00:00+01:00,39041.0546875,39657.65234375,38835.5625,39657.65234375,1607372800,0,0
2021-07-26 19:30:00+01:00,39673.171875,40499.67578125,39570.54296875,39796.7890625,2696982528,0,0
2021-07-26 21:00:00+01:00,39451.30078125,39451.30078125,37371.27734375,37560.5234375,3252432896,0,0
2021-07-26 22:30:00+01:00,37590.92578125,37590.92578125,36916.41796875,37526.98046875,2463281152,0,0
2021-07-27 00:00:00+01:00,37574.2734375,37718.8125,37043.765625,37413.640625,1199267840,0,0
2021-07-27 01:30:00+01:00,37417.26953125,37473.890625,36808.63671875,36855.4765625,0,0,0
2021-07-27 03:00:00+01:00,36893.11328125,37147.3203125,36441.7265625,36730.84375,396513280,0,0
2021-07-27 04:30:00+01:00,36703.12890625,37062.7421875,36648.671875,36950.8046875,644517888,0,0
2021-07-27 06:00:00+01:00,36965.41796875,37318.734375,36913.3984375,37318.734375,304906240,0,0
2021-07-27 07:30:00+01:00,37299.23046875,37299.23046875,36977.421875,37116.17578125,551940096,0,0
2021-07-27 09:00:00+01:00,37121.91015625,37394.0,37013.42578125,37303.22265625,264695808,0,0
2021-07-27 10:30:00+01:00,37308.90234375,37720.73046875,37252.57421875,37647.3203125,851124224,0,0
2021-07-27 12:00:00+01:00,37644.1640625,38086.98828125,37562.9140625,38031.72265625,995487744,0,0
2021-07-27 13:30:00+01:00,38024.390625,38706.0,38024.390625,38507.3671875,1022255104,0,0
2021-07-27 15:00:00+01:00,38488.1640625,38582.79296875,37794.1640625,38287.64453125,1613254656,0,0
2021-07-27 16:30:00+01:00,38319.1796875,38322.86328125,37622.5234375,37674.61328125,358178816,0,0
2021-07-27 18:00:00+01:00,37643.77734375,37875.453125,37439.40234375,37766.640625,314159104,0,0
2021-07-27 19:30:00+01:00,37769.06640625,38169.76953125,37769.06640625,37947.015625,236175360,0,0
2021-07-27 21:00:00+01:00,37829.32421875,38356.9765625,37829.32421875,38324.02734375,12079104,0,0
2021-07-27 22:30:00+01:00,38320.87109375,39332.02734375,38165.69921875,39329.14453125,1274652672,0,0
2021-07-28 00:00:00+01:00,39195.734375,39503.1875,38762.16015625,39148.08203125,845115392,0,0
2021-07-28 01:30:00+01:00,39102.890625,39851.22265625,38986.0078125,39851.22265625,1056473088,0,0
2021-07-28 03:00:00+01:00,39878.92578125,40227.859375,39555.79296875,39972.94921875,1633062912,0,0
2021-07-28 04:30:00+01:00,39982.26953125,40294.71875,39640.8125,39705.0859375,681381888,0,0
2021-07-28 06:00:00+01:00,39689.9375,40150.5546875,39689.9375,39801.13671875,623169536,0,0
2021-07-28 07:30:00+01:00,39744.08203125,39931.4375,39336.4375,39862.3046875,933384192,0,0
2021-07-28 09:00:00+01:00,39889.78515625,39905.9921875,39402.9609375,39792.61328125,422469632,0,0
2021-07-28 10:30:00+01:00,39807.14453125,40297.03125,39722.9296875,40200.6328125,675045376,0,0
2021-07-28 12:00:00+01:00,40199.01953125,40816.0703125,40125.453125,40637.73046875,1429172224,0,0
2021-07-28 13:30:00+01:00,40678.9609375,40744.66015625,39485.4765625,39597.08984375,408326144,0,0
2021-07-28 15:00:00+01:00,39635.28125,39809.4140625,39414.1484375,39624.61328125,81858560,0,0
2021-07-28 16:30:00+01:00,39624.328125,40143.8203125,39599.9296875,40128.44140625,388845568,0,0
2021-07-28 18:00:00+01:00,40123.0546875,40230.21484375,38862.4375,39555.4296875,1395957760,0,0
2021-07-28 19:30:00+01:00,39551.76171875,40600.24609375,39436.51171875,40307.4453125,1968336896,0,0
2021-07-28 21:00:00+01:00,40366.33984375,40366.33984375,39782.734375,39910.0546875,483057664,0,0
2021-07-28 22:30:00+01:00,39951.09765625,40194.9921875,39612.00390625,39718.296875,247685120,0,0
2021-07-29 00:00:00+01:00,39775.953125,40200.53125,39648.62890625,39927.57421875,562085888,0,0
2021-07-29 01:30:00+01:00,39905.21875,39905.21875,39352.05859375,39685.1953125,104169472,0,0
2021-07-29 03:00:00+01:00,39684.01171875,39942.16796875,39614.390625,39614.390625,4390912,0,0
2021-07-29 04:30:00+01:00,39600.75,40110.203125,39574.53515625,39983.4765625,373981184,0,0
2021-07-29 06:00:00+01:00,39984.66015625,40233.3359375,39749.640625,40085.359375,496820224,0,0
2021-07-29 07:30:00+01:00,40061.734375,40139.6328125,39894.55078125,39894.55078125,62230528,0,0
2021-07-29 09:00:00+01:00,39877.96875,40144.01953125,39775.6015625,40139.05859375,150968320,0,0
2021-07-29 10:30:00+01:00,40128.28515625,40593.0703125,40101.8046875,40184.546875,875700224,0,0
2021-07-29 12:00:00+01:00,40195.75390625,40255.3125,39566.609375,39737.94140625,204677120,0,0
2021-07-29 13:30:00+01:00,39743.3828125,39965.90625,39633.07421875,39885.23046875,53862400,0,0
2021-07-29 15:00:00+01:00,39882.12890625,40147.66015625,39682.55859375,40030.3203125,453226496,0,0
2021-07-29 16:30:00+01:00,40015.76171875,40033.5625,39715.359375,39750.05859375,123273216,0,0
2021-07-29 18:00:00+01:00,39766.41796875,39897.60546875,39512.62109375,39512.62109375,28805120,0,0
2021-07-29 19:30:00+01:00,39565.1171875,39743.3984375,39480.328125,39731.81640625,140777472,0,0
2021-07-29 21:00:00+01:00,39709.67578125,39850.63671875,39616.12890625,39616.12890625,17321984,0,0
2021-07-29 22:30:00+01:00,39645.02734375,39810.89453125,39550.8359375,39801.21875,202899456,0,0
2021-07-30 00:00:00+01:00,39793.22265625,40366.94921875,39793.22265625,40060.3359375,960339968,0,0
2021-07-30 01:30:00+01:00,40071.49609375,40121.62109375,39883.53125,40104.1640625,287789056,0,0
2021-07-30 03:00:00+01:00,40108.203125,40251.2109375,39977.29296875,40094.06640625,121063424,0,0
2021-07-30 04:30:00+01:00,40108.28125,40114.34765625,39712.98046875,39815.4921875,229777408,0,0
2021-07-30 06:00:00+01:00,39815.26953125,39823.90625,39655.29296875,39782.81640625,100235264,0,0
2021-07-30 07:30:00+01:00,39801.98046875,39886.70703125,39691.51953125,39723.33984375,217956352,0,0
2021-07-30 09:00:00+01:00,39740.70703125,39762.19921875,38397.35546875,38397.35546875,1186060288,0,0
2021-07-30 10:30:00+01:00,38446.03515625,38966.3984375,38446.03515625,38915.3046875,594386944,0,0
2021-07-30 12:00:00+01:00,38913.68359375,38970.62109375,38647.8828125,38808.765625,117514240,0,0
2021-07-30 13:30:00+01:00,38800.9296875,38966.67578125,38747.484375,38890.3359375,245735424,0,0
2021-07-30 15:00:00+01:00,38874.328125,39120.23046875,38874.328125,39032.33203125,276078592,0,0
2021-07-30 16:30:00+01:00,39074.34375,39197.03515625,38960.71875,38986.8828125,145082368,0,0
2021-07-30 18:00:00+01:00,38982.69921875,39163.14453125,38938.3984375,39117.85546875,235286528,0,0
2021-07-30 19:30:00+01:00,39094.140625,39709.3359375,39083.09765625,39709.3359375,514207744,0,0
2021-07-30 21:00:00+01:00,39846.99609375,41277.640625,39769.5390625,40886.7109375,3769700352,0,0
2021-07-30 22:30:00+01:00,40881.46484375,41443.2890625,40881.46484375,41443.2890625,1906153472,0,0
2021-07-31 00:00:00+01:00,41485.6640625,42235.546875,41359.83203125,41916.078125,2221666304,0,0
2021-07-31 01:30:00+01:00,41940.6328125,41988.76171875,41655.71484375,41963.01171875,591847424,0,0
2021-07-31 03:00:00+01:00,41976.55859375,42184.36328125,41845.2421875,41871.7421875,544921600,0,0
2021-07-31 04:30:00+01:00,41883.9296875,41974.546875,41599.0625,41824.00390625,404316160,0,0
2021-07-31 06:00:00+01:00,41834.78125,41846.8359375,41265.11328125,41437.1328125,732037120,0,0
2021-07-31 07:30:00+01:00,41421.296875,41620.27734375,41393.23828125,41549.83203125,370995200,0,0
2021-07-31 09:00:00+01:00,41541.6484375,41827.92578125,41502.53515625,41725.578125,241020928,0,0
2021-07-31 10:30:00+01:00,41725.046875,41914.1328125,41605.1953125,41799.953125,156592128,0,0
2021-07-31 12:00:00+01:00,41800.2734375,41820.1171875,41449.55859375,41635.58203125,353789952,0,0
2021-07-31 13:30:00+01:00,41636.3203125,41657.67578125,41351.65625,41376.84765625,176547840,0,0
2021-07-31 15:00:00+01:00,41361.78515625,41543.390625,41153.078125,41468.51953125,329572352,0,0
2021-07-31 16:30:00+01:00,41464.02734375,41668.8515625,41285.52734375,41340.39453125,236457984,0,0
2021-07-31 18:00:00+01:00,41293.03515625,41422.95703125,41110.83203125,41368.44921875,258461696,0,0
2021-07-31 19:30:00+01:00,41364.16796875,41526.171875,41267.9296875,41300.4453125,132851712,0,0
2021-07-31 21:00:00+01:00,41316.62890625,41772.671875,41194.76171875,41689.92578125,225241088,0,0
2021-07-31 22:30:00+01:00,41668.3515625,41963.98046875,41666.0,41860.44921875,28600320,0,0
2021-08-01 00:00:00+01:00,41875.86328125,41954.96875,41268.09765625,41594.328125,85934080,0,0
2021-08-01 01:30:00+01:00,41634.4375,41898.734375,41570.453125,41708.91015625,203980800,0,0
2021-08-01 03:00:00+01:00,41729.5859375,42279.2890625,41648.08203125,42279.2890625,328957952,0,0
2021-08-01 04:30:00+01:00,42259.9609375,42541.6796875,42101.12109375,42101.12109375,546502656,0,0
2021-08-01 06:00:00+01:00,42060.03125,42145.3984375,41705.80078125,41755.08203125,250949632,0,0
2021-08-01 07:30:00+01:00,41796.78515625,41826.45703125,41612.84375,41703.9609375,98439168,0,0
2021-08-01 09:00:00+01:00,41705.140625,41924.75,41667.02734375,41893.35546875,219947008,0,0
2021-08-01 10:30:00+01:00,41910.11328125,41936.59765625,41445.96484375,41497.96875,65996800,0,0
2021-08-01 12:00:00+01:00,41538.5234375,41724.8359375,41353.1484375,41650.84765625,206276608,0,0
2021-08-01 13:30:00+01:00,41684.44140625,41787.828125,41417.4140625,41458.2265625,113664000,0,0
2021-08-01 15:00:00+01:00,41379.28125,41519.6484375,41288.47265625,41501.8984375,345032704,0,0
2021-08-01 16:30:00+01:00,41516.63671875,41516.63671875,40784.1171875,41275.66796875,1081573376,0,0
2021-08-01 18:00:00+01:00,41263.66796875,41335.4296875,40945.53125,41126.95703125,602462208,0,0
2021-08-01 19:30:00+01:00,41131.2421875,41471.2421875,40719.73828125,41288.7734375,948383744,0,0
2021-08-01 21:00:00+01:00,41285.92578125,41507.625,41011.8828125,41173.19140625,297891840,0,0
2021-08-01 22:30:00+01:00,41204.8125,41311.84765625,40101.4453125,40274.5390625,824582144,0,0
2021-08-02 00:00:00+01:00,40238.91015625,40440.93359375,39540.94140625,39921.85546875,845111296,0,0
2021-08-02 01:30:00+01:00,39876.859375,39929.6328125,39363.44140625,39688.21875,485289984,0,0
2021-08-02 03:00:00+01:00,39635.1875,39939.515625,39568.4921875,39786.6640625,499337216,0,0
2021-08-02 04:30:00+01:00,39816.8046875,39867.7890625,39696.3828125,39744.3984375,62597120,0,0
2021-08-02 06:00:00+01:00,39713.55859375,39835.171875,39663.80078125,39729.16015625,238258176,0,0
2021-08-02 07:30:00+01:00,39705.76953125,40414.3515625,39705.76953125,40126.18359375,1368805376,0,0
2021-08-02 09:00:00+01:00,40119.59375,40140.9296875,39375.19921875,39540.62890625,876746752,0,0
2021-08-02 10:30:00+01:00,39550.72265625,39813.265625,39497.125,39727.76171875,372402176,0,0
2021-08-02 12:00:00+01:00,39684.671875,39684.671875,39171.75390625,39226.53515625,429285376,0,0
2021-08-02 13:30:00+01:00,39148.140625,39621.25390625,39090.734375,39621.25390625,746452992,0,0
2021-08-02 15:00:00+01:00,39649.890625,39792.17578125,39567.25390625,39745.64453125,358881280,0,0
2021-08-02 16:30:00+01:00,39751.57421875,39967.66015625,39659.85546875,39822.20703125,59850752,0,0
2021-08-02 18:00:00+01:00,39855.3671875,39890.015625,39568.375,39708.00390625,112590848,0,0
2021-08-02 19:30:00+01:00,39722.29296875,39781.921875,39178.03125,39178.03125,256851968,0,0
2021-08-02 21:00:00+01:00,39198.80859375,39250.0,38746.34765625,38828.88671875,346273792,0,0
2021-08-02 22:30:00+01:00,38866.796875,39505.484375,38866.796875,39459.234375,245856256,0,0
2021-08-03 00:00:00+01:00,39436.16015625,39543.03515625,38837.421875,39299.33203125,264189952,0,0
2021-08-03 01:30:00+01:00,39268.35546875,39750.03125,38877.72265625,38877.72265625,439590912,0,0
2021-08-03 03:00:00+01:00,38798.19921875,39073.55078125,38771.66015625,38771.66015625,192778240,0,0
2021-08-03 04:30:00+01:00,38840.359375,38888.05859375,38319.8046875,38319.8046875,741007360,0,0
2021-08-03 06:00:00+01:00,38333.72265625,38425.109375,38068.53515625,38425.109375,1309917184,0,0
2021-08-03 07:30:00+01:00,38405.3359375,38646.27734375,38288.8125,38579.8203125,196935680,0,0
2021-08-03 09:00:00+01:00,38603.8046875,38669.26171875,38386.14453125,38611.33984375,331786240,0,0
2021-08-03 10:30:00+01:00,38592.6484375,38780.77734375,38474.47265625,38701.14453125,378490880,0,0
2021-08-03 12:00:00+01:00,38750.265625,38752.60546875,37880.140625,38229.703125,635054080,0,0
2021-08-03 13:30:00+01:00,38171.90625,38614.3984375,38150.66015625,38487.22265625,532092928,0,0
2021-08-03 15:00:00+01:00,38477.484375,38659.87890625,38004.09375,38086.9453125,326901760,0,0
2021-08-03 16:30:00+01:00,38094.12109375,38460.3203125,38025.8671875,38419.9296875,783863808,0,0
2021-08-03 18:00:00+01:00,38412.71484375,38533.0703125,37782.05078125,37972.65234375,513210368,0,0
2021-08-03 19:30:00+01:00,37930.48046875,38311.91015625,37874.6484375,38006.04296875,714076160,0,0
2021-08-03 21:00:00+01:00,38035.421875,38250.8671875,37926.6953125,38250.8671875,201111552,0,0
2021-08-03 22:30:00+01:00,38283.3359375,38553.9453125,38200.4453125,38287.83203125,238057472,0,0
2021-08-04 00:00:00+01:00,38354.46875,38606.38671875,38003.03515625,38087.38671875,197681152,0,0
2021-08-04 01:30:00+01:00,38030.57421875,38554.7421875,38030.57421875,38349.21875,112355328,0,0
2021-08-04 03:00:00+01:00,38388.10546875,38435.09765625,37934.94140625,37979.625,153638912,0,0
2021-08-04 04:30:00+01:00,37941.2734375,38090.078125,37833.48828125,38004.09375,247930880,0,0
2021-08-04 06:00:00+01:00,37995.140625,38225.4296875,37852.0,37893.125,111458304,0,0
2021-08-04 07:30:00+01:00,37939.91015625,38135.93359375,37734.92578125,37807.8671875,286414848,0,0
2021-08-04 09:00:00+01:00,37824.921875,37966.74609375,37629.125,37807.2265625,384686080,0,0
2021-08-04 10:30:00+01:00,37784.9296875,38068.46875,37730.7421875,38068.46875,363898880,0,0
2021-08-04 12:00:00+01:00,38082.203125,38455.74609375,38056.94921875,38424.9140625,310456320,0,0
2021-08-04 13:30:00+01:00,38467.73828125,39203.62109375,38381.99609375,38982.23828125,1360486400,0,0
2021-08-04 15:00:00+01:00,39027.375,39442.76171875,38891.9296875,39251.484375,780232704,0,0
2021-08-04 16:30:00+01:00,39305.890625,39547.140625,39231.26953125,39502.1484375,400873472,0,0
2021-08-04 18:00:00+01:00,39491.9609375,39757.80859375,39323.80078125,39702.90625,229924864,0,0
2021-08-04 19:30:00+01:00,39583.1875,39808.5859375,39522.3515625,39754.9375,270921728,0,0
2021-08-04 21:00:00+01:00,39808.39453125,39915.3828125,39627.50390625,39780.2734375,171986944,0,0
2021-08-04 22:30:00+01:00,39816.18359375,39952.296875,39593.37890625,39725.0703125,237217792,0,0
2021-08-05 00:00:00+01:00,39729.0234375,39799.3046875,39577.55078125,39799.3046875,83195904,0,0
2021-08-05 03:00:00+01:00,39370.0390625,39518.3984375,39317.66015625,39354.765625,164917248,0,0
2021-08-05 04:30:00+01:00,39367.69921875,39508.23046875,39314.40234375,39396.828125,92360704,0,0
2021-08-05 06:00:00+01:00,39331.45703125,39504.9296875,39186.91015625,39206.984375,248514560,0,0
2021-08-05 07:30:00+01:00,39159.58984375,39185.19921875,38765.5703125,38874.44921875,531748864,0,0
2021-08-05 09:00:00+01:00,38872.484375,38948.515625,38126.4765625,38228.44921875,577740800,0,0
2021-08-05 10:30:00+01:00,38232.19921875,38276.20703125,37889.90625,37997.93359375,928937984,0,0
2021-08-05 12:00:00+01:00,38036.06640625,38230.265625,37888.53125,37888.53125,387252224,0,0
2021-08-05 13:30:00+01:00,37821.44140625,38136.91015625,37458.00390625,37915.69921875,1154674688,0,0
2021-08-05 15:00:00+01:00,38006.22265625,39311.140625,37889.1875,39311.140625,2150500352,0,0
2021-08-05 16:30:00+01:00,39335.3359375,39764.66796875,38620.984375,39764.66796875,1530103808,0,0
2021-08-05 18:00:00+01:00,39730.0390625,40808.8125,39701.38671875,40808.8125,2160414720,0,0
2021-08-05 19:30:00+01:00,40755.99609375,41341.93359375,40656.6484375,40670.22265625,1651716096,0,0
2021-08-05 21:00:00+01:00,40703.1015625,41095.0078125,40700.1015625,40914.796875,788830208,0,0
2021-08-05 22:30:00+01:00,40907.8203125,41215.83984375,40747.609375,40926.0390625,501559296,0,0
2021-08-06 00:00:00+01:00,40927.54296875,41135.5703125,40473.578125,40498.14453125,432578560,0,0
2021-08-06 01:30:00+01:00,40497.1953125,40665.92578125,39975.1484375,40609.83203125,973574144,0,0
2021-08-06 03:00:00+01:00,40607.625,40629.34765625,40247.83984375,40400.72265625,347131904,0,0
2021-08-06 04:30:00+01:00,40367.9375,40416.0703125,39932.1796875,40138.5234375,461602816,0,0
2021-08-06 06:00:00+01:00,40163.78125,41185.07421875,40142.79296875,40953.83984375,1458384896,0,0
2021-08-06 07:30:00+01:00,40981.75390625,41138.08984375,40714.4140625,40799.1640625,411107328,0,0
2021-08-06 09:00:00+01:00,40746.078125,41094.65234375,40594.64453125,40775.55078125,589004800,0,0
2021-08-06 10:30:00+01:00,40769.2109375,40835.546875,40449.08984375,40691.15234375,268345344,0,0
2021-08-06 12:00:00+01:00,40687.05859375,40995.73046875,40362.484375,40976.16015625,989007872,0,0
2021-08-06 13:30:00+01:00,40958.6484375,41006.640625,40607.44140625,40882.67578125,287567872,0,0
2021-08-06 15:00:00+01:00,40932.10546875,41661.328125,40678.24609375,41622.921875,1007661056,0,0
2021-08-06 16:30:00+01:00,41700.1953125,43053.8671875,41594.84765625,42530.8203125,3436068864,0,0
2021-08-06 18:00:00+01:00,42514.58203125,43271.66015625,42514.58203125,42787.1875,802906112,0,0
2021-08-06 19:30:00+01:00,42785.625,43002.58984375,42749.01171875,42831.140625,23711744,0,0
2021-08-06 21:00:00+01:00,42885.30078125,42941.265625,42499.015625,42635.0078125,409350144,0,0
2021-08-06 22:30:00+01:00,42562.33203125,42826.77734375,42450.671875,42763.5625,407015424,0,0
2021-08-07 00:00:00+01:00,42782.8671875,42885.89453125,42602.07421875,42780.9140625,331354112,0,0
2021-08-07 01:30:00+01:00,42787.40625,43334.48046875,42787.40625,43227.30859375,412905472,0,0
2021-08-07 03:00:00+01:00,43207.1953125,43364.21484375,43063.4609375,43206.63671875,556187648,0,0
2021-08-07 04:30:00+01:00,43299.06640625,43901.67578125,43288.7578125,43361.44140625,1617387520,0,0
2021-08-07 06:00:00+01:00,43343.48046875,43644.51171875,43337.265625,43360.5546875,442863616,0,0
2021-08-07 07:30:00+01:00,43381.08984375,43441.59765625,43080.81640625,43262.6015625,545669120,0,0
2021-08-07 09:00:00+01:00,43236.34765625,43756.625,43139.15234375,43589.20703125,682033152,0,0
2021-08-07 10:30:00+01:00,43607.6015625,43904.3125,43571.91796875,43662.53515625,1059602432,0,0
2021-08-07 12:00:00+01:00,43670.59375,44524.80078125,43479.58984375,44440.16015625,1860984832,0,0
2021-08-07 13:30:00+01:00,44379.81640625,44433.828125,43177.5078125,43261.06640625,968183808,0,0
2021-08-07 15:00:00+01:00,43199.4921875,43639.875,43199.4921875,43609.84765625,439615488,0,0
2021-08-07 16:30:00+01:00,43599.5078125,43664.32421875,42618.56640625,43650.05859375,679596032,0,0
2021-08-07 18:00:00+01:00,43722.35546875,43722.35546875,43268.1171875,43531.20703125,61042688,0,0
2021-08-07 19:30:00+01:00,43530.50390625,43942.55859375,43469.05859375,43942.55859375,203522048,0,0
2021-08-07 21:00:00+01:00,44000.03515625,44318.65234375,43691.19140625,44318.65234375,451858432,0,0
2021-08-07 22:30:00+01:00,44314.70703125,44363.33203125,43575.609375,44025.1015625,482181120,0,0
2021-08-08 00:00:00+01:00,44038.3515625,44763.68359375,44038.3515625,44441.90234375,1698476032,0,0
2021-08-08 01:30:00+01:00,44355.13671875,44661.8671875,43912.17578125,44058.93359375,491827200,0,0
2021-08-08 03:00:00+01:00,44094.05078125,44329.70703125,43870.14453125,44265.51171875,400326656,0,0
2021-08-08 04:30:00+01:00,44327.0078125,44496.16796875,44167.15234375,44313.1796875,0,0,0
2021-08-08 06:00:00+01:00,44319.76171875,45138.2734375,44199.578125,45089.2734375,1527443456,0,0
2021-08-08 07:30:00+01:00,45020.66796875,45282.3515625,44812.640625,44850.76953125,890785792,0,0
2021-08-08 09:00:00+01:00,44790.03515625,45021.51953125,44434.0859375,44712.7734375,194670592,0,0
2021-08-08 10:30:00+01:00,44791.27734375,44877.52734375,44234.1953125,44435.42578125,315846656,0,0
2021-08-08 12:00:00+01:00,44386.29296875,44868.76171875,44163.10546875,44868.76171875,486117376,0,0
2021-08-08 13:30:00+01:00,44910.52734375,45167.05859375,44608.6796875,44722.21875,50229248,0,0
2021-08-08 15:00:00+01:00,44731.875,44843.765625,43918.484375,43957.8046875,707760128,0,0
2021-08-08 16:30:00+01:00,44001.7734375,44320.59375,43676.390625,43792.625,236810240,0,0
2021-08-08 18:00:00+01:00,43757.95703125,43894.734375,43557.3828125,43774.2421875,757178368,0,0
2021-08-08 19:30:00+01:00,43794.41796875,43879.48046875,43331.91015625,43645.9375,1076719616,0,0
2021-08-08 21:00:00+01:00,43715.6953125,44219.515625,43581.3515625,44078.3828125,838881280,0,0
2021-08-08 22:30:00+01:00,44151.67578125,44553.78515625,44010.19921875,44321.84765625,446963712,0,0
2021-08-09 00:00:00+01:00,44230.40234375,44435.8515625,43192.6875,43492.84765625,395497472,0,0
2021-08-09 01:30:00+01:00,43373.80078125,43454.19140625,42848.6875,43144.359375,874536960,0,0
2021-08-09 03:00:00+01:00,43104.6328125,43499.890625,43104.6328125,43408.34375,299933696,0,0
2021-08-09 04:30:00+01:00,43408.5703125,43607.17578125,43263.0,43598.01171875,326496256,0,0
2021-08-09 06:00:00+01:00,43604.4609375,43705.99609375,43323.953125,43350.04296875,143601664,0,0
2021-08-09 07:30:00+01:00,43313.609375,43754.23828125,43313.609375,43754.23828125,151472128,0,0
2021-08-09 09:00:00+01:00,43813.77734375,44651.7421875,43636.6796875,44609.9921875,1130074112,0,0
2021-08-09 10:30:00+01:00,44607.921875,45620.0234375,44499.125,45576.25,2131939328,0,0
2021-08-09 12:00:00+01:00,45631.30078125,46016.8359375,45528.8125,45751.6171875,1263542272,0,0
2021-08-09 13:30:00+01:00,45786.81640625,45885.984375,45373.125,45446.95703125,295419904,0,0
2021-08-09 15:00:00+01:00,45429.26171875,46110.328125,45429.26171875,45952.0234375,1408102400,0,0
2021-08-09 16:30:00+01:00,45971.2421875,46100.77734375,45738.62890625,45891.66796875,434581504,0,0
2021-08-09 18:00:00+01:00,45906.9453125,46049.953125,45795.8125,46001.5,190996480,0,0
2021-08-09 19:30:00+01:00,46003.8046875,46456.83203125,45868.86328125,45973.80078125,635514880,0,0
2021-08-09 21:00:00+01:00,45995.515625,46408.09375,45006.5546875,45235.1796875,1269936128,0,0
2021-08-09 22:30:00+01:00,45182.0,46253.7421875,45182.0,46194.38671875,1191469056,0,0
2021-08-10 00:00:00+01:00,46230.46875,46637.98828125,45975.21484375,46204.0234375,602890240,0,0
2021-08-10 01:30:00+01:00,46193.10546875,46242.5859375,45733.11328125,46004.76171875,214183936,0,0
2021-08-10 03:00:00+01:00,46030.00390625,46095.73046875,45766.83984375,45766.83984375,318656512,0,0
2021-08-10 04:30:00+01:00,45778.11328125,45848.74609375,45511.41796875,45511.41796875,382709760,0,0
2021-08-10 06:00:00+01:00,45484.0078125,45748.9609375,45391.8984375,45391.8984375,450580480,0,0
2021-08-10 07:30:00+01:00,45426.77734375,45942.96484375,45367.37109375,45942.96484375,578387968,0,0
2021-08-10 09:00:00+01:00,45956.97265625,46151.25,45777.72265625,45883.1015625,761737216,0,0
2021-08-10 10:30:00+01:00,45885.5625,46046.90234375,45359.71484375,45359.71484375,56356864,0,0
2021-08-10 12:00:00+01:00,45353.08984375,45718.7578125,45225.421875,45718.7578125,277594112,0,0
2021-08-10 13:30:00+01:00,45791.95703125,46073.546875,45430.421875,45495.32421875,766373888,0,0
2021-08-10 15:00:00+01:00,45487.6328125,45620.46484375,45212.4765625,45212.4765625,84828160,0,0
2021-08-10 16:30:00+01:00,45161.85546875,45395.28515625,44785.30859375,44785.30859375,673550336,0,0
2021-08-10 18:00:00+01:00,45041.8125,45185.95703125,44897.85546875,45075.85546875,325197824,0,0
2021-08-10 19:30:00+01:00,45151.05078125,45523.828125,45151.05078125,45523.828125,237133824,0,0
2021-08-10 21:00:00+01:00,45566.25,45747.05078125,45457.328125,45605.359375,223899648,0,0
2021-08-10 22:30:00+01:00,45787.234375,45814.515625,45442.9453125,45463.375,73936896,0,0
2021-08-11 00:00:00+01:00,45461.33203125,45753.59765625,45284.47265625,45584.19140625,572680192,0,0
2021-08-11 01:30:00+01:00,45543.3046875,45898.65234375,45543.3046875,45761.48046875,401694720,0,0
2021-08-11 03:00:00+01:00,45782.140625,45956.54296875,45351.7109375,45548.90234375,217886720,0,0
2021-08-11 04:30:00+01:00,45526.16796875,45740.0234375,45487.6875,45630.625,110516224,0,0
2021-08-11 06:00:00+01:00,45634.84765625,46047.78125,45577.5859375,46042.5546875,691099648,0,0
2021-08-11 07:30:00+01:00,45994.59375,46422.05078125,45878.0859375,46376.65234375,1666813952,0,0
2021-08-11 09:00:00+01:00,46345.12109375,46520.671875,46057.66015625,46201.77734375,332234752,0,0
2021-08-11 10:30:00+01:00,46241.92578125,46324.421875,45971.5,46033.01953125,209498112,0,0
2021-08-11 12:00:00+01:00,46056.4375,46227.4375,45847.95703125,45865.34375,29388800,0,0
2021-08-11 13:30:00+01:00,45885.69140625,46467.32421875,45885.69140625,46307.60546875,528115712,0,0
2021-08-11 15:00:00+01:00,46284.40234375,46716.01953125,46235.23046875,46716.01953125,1272922112,0,0
2021-08-11 16:30:00+01:00,46697.83203125,46735.6328125,46266.78515625,46372.6875,318040064,0,0
2021-08-11 18:00:00+01:00,46373.3359375,46584.10546875,46316.62109375,46347.25,359411712,0,0
2021-08-11 19:30:00+01:00,46352.58984375,46502.76953125,46285.98828125,46499.7109375,475852800,0,0
2021-08-11 21:00:00+01:00,46493.50390625,46696.984375,46362.80859375,46362.80859375,272115712,0,0
2021-08-11 21:59:02+01:00,46366.21875,46366.21875,46366.21875,46366.21875,0,0,0
